EmployeeID,Age,Department,TenureMonths,Salary,OvertimeHours,PerformanceScore,SupervisorRating,ShiftType,Exit
1,59,Operations,36,44640.0,6,3,1,Night,0
2,49,Tech,30,44479.0,16,4,5,Night,0
3,35,Tech,55,57753.0,38,4,4,Night,0
4,28,Sales,49,51662.0,35,3,1,Night,1
5,41,Finance,55,56750.0,39,5,2,Day,1
6,59,Sales,33,44920.0,3,3,3,Rotational,0
7,39,HR,18,35769.0,37,5,1,Night,0
8,43,Sales,52,59108.0,24,2,1,Day,0
9,31,Sales,49,58136.0,4,3,2,Night,0
10,31,Operations,59,62594.0,29,5,4,Day,1
11,44,Tech,28,43748.0,11,3,1,Day,0
12,56,Finance,59,59433.0,3,3,1,Day,0
13,44,Sales,47,50310.0,23,5,4,Rotational,0
14,23,Finance,11,36744.0,28,5,2,Day,1
15,42,Sales,57,59009.0,8,1,1,Day,0
16,22,HR,54,65532.0,3,3,4,Rotational,0
17,44,Sales,45,55761.0,23,4,1,Rotational,0
18,50,Operations,33,47446.0,13,3,3,Day,0
19,58,Tech,17,38375.0,4,3,5,Rotational,0
20,22,HR,6,36004.0,17,5,3,Night,0
21,41,Sales,4,29253.0,18,3,1,Night,1
22,53,Finance,20,43419.0,11,3,2,Rotational,0
23,32,HR,48,50739.0,17,4,5,Rotational,0
24,42,HR,47,51815.0,16,5,3,Day,0
25,45,Sales,27,37985.0,29,3,4,Rotational,0
26,47,HR,15,39342.0,23,2,2,Day,0
27,48,Finance,6,33750.0,10,1,3,Night,1
28,36,HR,47,51816.0,34,4,4,Rotational,0
29,35,Finance,14,34213.0,22,3,1,Day,0
30,23,Sales,11,39636.0,16,2,4,Day,1
31,57,Tech,39,49099.0,0,3,3,Night,0
32,27,HR,9,32198.0,14,3,3,Rotational,0
33,41,Tech,26,48766.0,31,5,1,Night,1
34,29,Finance,16,36029.0,8,5,4,Day,0
35,59,HR,5,35916.0,14,5,4,Day,0
36,38,Operations,57,55047.0,27,2,1,Rotational,1
37,24,Tech,52,54935.0,23,3,4,Day,0
38,45,HR,10,36507.0,34,1,1,Rotational,1
39,34,Tech,50,54826.0,21,4,2,Night,0
40,29,HR,3,32231.0,26,5,3,Rotational,0
41,46,Sales,13,34883.0,18,5,2,Rotational,0
42,22,Tech,43,46707.0,11,3,5,Day,0
43,40,Operations,49,58897.0,19,3,5,Day,0
44,48,Operations,30,43567.0,0,2,5,Rotational,0
45,27,Finance,54,57867.0,20,2,1,Day,1
46,28,HR,45,54606.0,0,5,4,Day,0
47,55,Tech,6,33926.0,9,3,2,Day,1
48,34,Finance,17,36374.0,31,1,2,Rotational,1
49,37,Tech,59,62979.0,38,4,2,Day,0
50,56,HR,45,54041.0,21,3,2,Rotational,0
51,24,Operations,51,56096.0,17,3,5,Day,0
52,22,Sales,53,57027.0,31,2,2,Night,0
53,26,Operations,19,44547.0,26,4,4,Day,0
54,24,Finance,42,48810.0,27,5,5,Day,0
55,49,Sales,35,48746.0,17,3,2,Rotational,0
56,38,Finance,46,51414.0,38,5,1,Rotational,0
57,46,HR,26,37191.0,28,3,3,Day,1
58,54,Sales,51,49612.0,17,5,3,Night,0
59,30,Finance,5,29456.0,7,4,3,Day,0
60,56,HR,29,42525.0,30,2,5,Day,1
61,34,Operations,37,55019.0,33,4,2,Night,0
62,51,HR,20,42095.0,6,1,5,Rotational,1
63,35,Tech,49,56865.0,35,2,4,Day,0
64,28,HR,21,38589.0,17,4,1,Rotational,1
65,34,HR,10,35184.0,37,1,1,Rotational,1
66,43,Tech,5,39418.0,8,3,3,Night,1
67,41,Finance,36,44357.0,8,3,3,Night,0
68,36,Finance,6,34369.0,7,5,3,Rotational,0
69,38,HR,26,47834.0,34,2,2,Day,1
70,44,Tech,4,34898.0,17,3,4,Rotational,0
71,46,Tech,39,54905.0,4,2,4,Day,0
72,45,Operations,39,50139.0,13,3,4,Day,0
73,49,Finance,50,56810.0,27,5,4,Night,0
74,35,Sales,35,47829.0,29,4,3,Day,0
75,21,Finance,1,32100.0,3,5,1,Day,1
76,45,Finance,24,39254.0,38,1,3,Rotational,1
77,27,Operations,57,60877.0,19,3,4,Night,0
78,29,Sales,36,48883.0,24,1,3,Day,0
79,44,Operations,6,33188.0,27,1,4,Day,1
80,21,Sales,41,55739.0,11,2,5,Night,1
81,28,HR,54,56204.0,1,3,1,Rotational,0
82,44,Sales,46,56623.0,13,1,5,Night,0
83,31,Operations,44,55922.0,21,4,2,Night,0
84,37,Finance,57,61067.0,30,1,3,Day,1
85,28,Sales,31,42605.0,22,4,2,Day,0
86,55,Sales,20,41077.0,19,2,3,Rotational,0
87,55,Tech,24,47875.0,37,1,5,Day,1
88,53,Finance,25,37044.0,3,5,4,Day,0
89,25,HR,36,47437.0,14,2,4,Night,0
90,59,Operations,21,43987.0,23,4,3,Day,1
91,48,HR,30,44654.0,24,2,4,Rotational,0
92,27,Finance,24,44430.0,0,1,5,Night,1
93,29,Sales,44,56228.0,6,3,4,Rotational,0
94,28,Sales,42,51696.0,30,3,5,Night,0
95,32,Finance,30,46527.0,11,4,2,Day,0
96,54,Sales,22,41276.0,4,4,5,Night,1
97,53,Sales,28,44893.0,37,3,1,Night,0
98,43,Sales,7,39808.0,11,4,1,Day,0
99,44,Operations,35,47308.0,38,2,1,Day,1
100,57,Operations,55,56441.0,17,5,3,Rotational,0
101,55,Tech,28,47125.0,1,5,3,Rotational,0
102,42,HR,14,34471.0,9,2,3,Day,0
103,47,Finance,56,56156.0,14,5,5,Day,0
104,55,Finance,10,33175.0,29,1,3,Day,1
105,21,Finance,16,37232.0,16,2,2,Night,0
106,55,Tech,16,37363.0,3,4,1,Night,0
107,57,Operations,54,59097.0,6,2,5,Night,1
108,34,Tech,31,44473.0,30,3,1,Day,0
109,23,Finance,42,53218.0,38,4,3,Rotational,0
110,21,HR,25,45093.0,33,3,5,Day,0
111,25,Sales,13,34539.0,5,4,4,Night,0
112,46,Operations,6,35528.0,37,5,2,Night,1
113,34,Operations,44,54800.0,33,2,3,Day,1
114,59,Tech,9,29217.0,14,1,3,Day,1
115,47,Operations,45,53380.0,13,4,2,Night,0
116,29,Finance,36,46481.0,5,4,2,Night,0
117,35,Finance,56,61909.0,36,3,4,Night,0
118,35,Tech,43,49950.0,31,5,3,Day,0
119,46,Finance,20,35982.0,2,3,3,Night,1
120,33,HR,18,38911.0,2,3,1,Night,0
121,52,Tech,58,56309.0,21,5,5,Rotational,0
122,59,HR,43,54049.0,21,1,5,Day,0
123,52,Sales,57,56074.0,9,3,1,Rotational,1
124,24,HR,21,40447.0,2,3,5,Rotational,0
125,50,Sales,4,36637.0,11,4,2,Night,0
126,57,Sales,50,58296.0,28,5,5,Day,0
127,43,HR,33,47934.0,16,2,5,Night,0
128,59,Tech,27,43117.0,6,1,1,Day,0
129,35,Finance,7,34649.0,12,1,4,Rotational,0
130,49,Finance,6,35067.0,1,5,5,Day,0
131,56,Sales,15,34540.0,3,4,5,Night,0
132,33,Sales,18,41554.0,9,4,4,Night,0
133,52,Tech,32,42695.0,38,5,1,Night,0
134,27,Operations,56,59717.0,23,4,4,Day,1
135,42,HR,11,32179.0,16,1,1,Rotational,1
136,48,Sales,20,45888.0,5,1,2,Rotational,0
137,22,Finance,24,44290.0,18,2,1,Day,1
138,26,Tech,15,32832.0,4,5,2,Night,0
139,48,HR,48,53997.0,31,3,2,Rotational,1
140,48,Tech,7,31936.0,9,3,1,Night,0
141,40,HR,21,38581.0,8,2,3,Day,1
142,50,HR,42,51441.0,26,2,1,Night,0
143,31,Sales,26,40216.0,12,4,5,Rotational,1
144,48,Tech,44,54284.0,18,2,5,Rotational,1
145,45,Tech,56,60114.0,20,2,3,Night,0
146,59,Finance,14,38054.0,23,3,2,Day,0
147,53,Finance,57,58441.0,37,4,3,Night,0
148,21,Sales,37,50479.0,3,2,5,Day,1
149,47,Sales,58,61374.0,23,2,3,Night,0
150,33,Operations,21,41865.0,34,4,1,Rotational,1
151,23,Finance,18,35064.0,2,5,3,Day,0
152,59,HR,5,30135.0,3,4,2,Day,0
153,26,Tech,3,30696.0,36,3,1,Day,0
154,28,Sales,23,37073.0,39,5,4,Rotational,1
155,47,Tech,26,43672.0,34,1,5,Night,1
156,29,Tech,37,52733.0,30,4,5,Rotational,0
157,57,Operations,24,45755.0,24,3,3,Day,0
158,53,Finance,49,56719.0,39,5,1,Night,1
159,44,Sales,19,41683.0,12,4,4,Rotational,0
160,35,Tech,51,62146.0,3,2,1,Day,0
161,52,Sales,25,45032.0,13,4,5,Day,0
162,52,HR,21,43277.0,12,1,1,Rotational,0
163,44,Operations,12,31683.0,26,4,4,Rotational,0
164,32,HR,57,62498.0,5,5,3,Rotational,0
165,59,Sales,41,51695.0,16,5,2,Day,0
166,22,Sales,33,46261.0,35,4,1,Rotational,1
167,23,Finance,50,54017.0,39,5,2,Day,0
168,57,Tech,53,54854.0,34,2,5,Rotational,0
169,37,Tech,4,35770.0,16,4,3,Day,0
170,22,HR,42,50915.0,1,2,3,Day,0
171,22,Operations,57,56965.0,12,2,1,Night,0
172,48,Tech,7,31185.0,1,3,3,Rotational,0
173,43,Finance,22,41512.0,27,4,1,Rotational,1
174,57,HR,55,56421.0,25,5,1,Day,0
175,52,HR,33,44737.0,21,2,2,Day,0
176,53,Finance,17,34354.0,2,3,3,Day,0
177,21,Operations,24,44878.0,34,4,1,Night,0
178,39,Finance,34,46586.0,11,4,2,Night,0
179,22,Operations,28,40744.0,23,1,4,Day,1
180,46,Finance,58,58186.0,4,1,2,Rotational,1
181,52,Finance,43,53147.0,19,2,2,Rotational,0
182,26,Sales,41,50587.0,38,1,1,Night,0
183,52,HR,39,50073.0,38,2,5,Night,0
184,24,Finance,22,41128.0,12,5,5,Day,0
185,31,Finance,49,50669.0,11,2,5,Rotational,1
186,37,Tech,17,41346.0,12,1,2,Day,1
187,58,HR,34,41875.0,9,5,1,Night,1
188,44,Tech,6,34385.0,32,1,3,Rotational,1
189,25,HR,46,54847.0,39,2,2,Rotational,0
190,54,Tech,6,32340.0,15,3,2,Night,1
191,26,Finance,34,48060.0,34,4,1,Day,0
192,42,Finance,1,29669.0,2,1,4,Day,1
193,31,Sales,10,36096.0,4,2,2,Rotational,1
194,36,Tech,21,43479.0,25,5,4,Night,0
195,53,Operations,5,30124.0,10,1,4,Rotational,0
196,29,Sales,2,33022.0,6,1,5,Night,0
197,26,Tech,22,46077.0,9,4,1,Day,0
198,36,Tech,48,54794.0,33,2,4,Night,1
199,49,Sales,57,56991.0,2,3,1,Day,0
200,23,Finance,2,37790.0,7,5,5,Night,1
201,40,Tech,10,35266.0,30,2,1,Rotational,1
202,56,Finance,34,47695.0,10,5,2,Day,0
203,39,Sales,16,38757.0,6,1,4,Rotational,0
204,46,Finance,48,55344.0,1,4,1,Rotational,1
205,23,HR,51,54483.0,5,4,3,Day,0
206,39,Operations,39,50070.0,31,3,1,Day,0
207,40,Tech,22,43857.0,19,4,4,Rotational,0
208,52,Operations,12,34880.0,33,1,5,Rotational,1
209,27,Finance,24,40740.0,15,3,5,Rotational,0
210,53,Tech,47,52624.0,24,2,4,Rotational,0
211,59,Finance,40,46707.0,11,4,2,Day,0
212,38,HR,38,46951.0,6,3,2,Day,0
213,21,Sales,59,57329.0,38,1,5,Rotational,0
214,31,Tech,10,34998.0,16,5,5,Night,0
215,48,HR,35,50008.0,10,5,4,Night,0
216,45,HR,51,59861.0,5,1,2,Day,1
217,43,Tech,49,54672.0,22,1,5,Rotational,0
218,51,Finance,32,47369.0,26,5,2,Rotational,1
219,50,HR,7,34230.0,5,3,5,Day,0
220,55,Operations,21,34220.0,37,5,1,Night,1
221,27,HR,20,36556.0,1,1,3,Night,0
222,36,Finance,26,45284.0,21,4,1,Night,1
223,46,Finance,4,34575.0,19,2,5,Day,0
224,22,Operations,46,55507.0,24,4,3,Night,1
225,21,HR,52,55467.0,14,4,3,Day,0
226,32,Finance,22,35015.0,28,1,5,Day,0
227,25,Tech,15,34414.0,7,5,5,Rotational,0
228,57,Sales,56,55373.0,36,3,2,Night,0
229,52,Sales,40,51886.0,32,4,5,Day,0
230,29,Sales,21,39428.0,21,5,4,Night,0
231,55,HR,15,42571.0,4,3,5,Night,0
232,39,Operations,22,45403.0,38,4,4,Rotational,1
233,36,Finance,52,61021.0,17,3,5,Night,0
234,23,Tech,28,41250.0,37,5,2,Rotational,1
235,40,Tech,14,38473.0,36,2,4,Day,1
236,44,HR,27,42067.0,29,5,1,Night,1
237,53,Sales,41,51484.0,30,1,4,Day,1
238,44,HR,40,47583.0,9,3,2,Night,0
239,31,Operations,58,62678.0,14,2,4,Day,0
240,28,Operations,28,41639.0,17,3,5,Night,0
241,56,Finance,26,37158.0,22,3,5,Night,1
242,58,Finance,49,60601.0,32,4,2,Night,0
243,40,Operations,2,32327.0,15,1,3,Night,0
244,55,Operations,25,39293.0,37,3,5,Night,1
245,45,Operations,56,57513.0,34,5,1,Night,0
246,55,HR,3,29769.0,33,5,2,Night,1
247,45,Operations,8,34017.0,27,4,4,Night,0
248,49,Tech,44,54408.0,1,1,4,Night,0
249,38,Sales,33,48437.0,29,1,1,Day,0
250,38,Operations,42,51761.0,12,5,5,Rotational,0
251,22,Sales,52,56016.0,15,2,2,Night,1
252,55,HR,35,50736.0,4,4,1,Rotational,0
253,36,Sales,6,27224.0,27,4,5,Night,1
254,56,HR,39,47253.0,38,5,2,Night,1
255,53,Tech,52,53064.0,19,5,4,Day,0
256,24,HR,23,44519.0,23,2,2,Day,0
257,53,HR,25,40283.0,26,2,3,Rotational,0
258,34,Finance,59,55642.0,29,1,2,Day,1
259,41,Operations,50,56648.0,26,4,3,Day,0
260,40,Operations,43,48774.0,25,4,2,Rotational,0
261,28,Tech,19,38448.0,6,5,3,Day,0
262,27,Tech,5,39643.0,37,1,4,Night,1
263,23,Operations,51,57861.0,4,4,5,Rotational,0
264,37,Finance,11,34867.0,22,1,3,Rotational,1
265,53,Operations,56,57637.0,27,1,3,Night,1
266,32,Finance,12,38722.0,33,5,4,Day,0
267,42,Tech,10,36989.0,14,1,3,Rotational,0
268,42,Sales,8,34227.0,31,2,1,Rotational,1
269,50,Tech,24,42311.0,25,2,4,Night,0
270,58,Tech,28,39560.0,30,3,1,Night,1
271,58,HR,41,45430.0,18,5,4,Day,0
272,28,HR,36,47470.0,8,3,3,Rotational,0
273,47,HR,37,46600.0,28,2,1,Day,1
274,47,HR,21,42258.0,38,3,3,Day,0
275,54,Finance,8,34592.0,3,5,4,Night,1
276,41,Operations,55,55182.0,2,5,3,Rotational,0
277,50,Sales,9,34990.0,28,1,1,Rotational,1
278,53,Tech,47,52245.0,10,4,1,Rotational,0
279,48,Finance,15,43700.0,32,1,3,Night,1
280,53,Sales,48,55159.0,37,5,2,Night,1
281,25,Finance,46,48318.0,10,2,4,Night,1
282,39,Finance,40,55462.0,26,2,4,Night,0
283,24,Tech,18,37101.0,32,1,3,Night,1
284,55,Operations,42,48076.0,20,5,2,Rotational,0
285,37,HR,20,46431.0,38,2,1,Day,1
286,48,Operations,6,34038.0,30,5,5,Rotational,0
287,50,Tech,12,38102.0,37,2,5,Day,1
288,49,Tech,2,33199.0,1,5,3,Night,1
289,26,Tech,7,32882.0,26,3,2,Day,1
290,55,Sales,16,36283.0,35,5,2,Rotational,0
291,57,Operations,3,30272.0,10,5,4,Rotational,0
292,44,Operations,45,57327.0,17,1,1,Day,0
293,49,Finance,3,32111.0,0,3,2,Night,0
294,51,Finance,27,47439.0,34,4,5,Night,0
295,55,Finance,50,54771.0,34,1,1,Rotational,1
296,53,Tech,43,49234.0,30,4,1,Day,0
297,41,Operations,40,45673.0,27,2,3,Night,0
298,52,Tech,38,50944.0,38,4,2,Night,0
299,43,Sales,33,51582.0,0,5,3,Rotational,0
300,53,Finance,28,41342.0,24,4,2,Night,0
301,23,Tech,1,32040.0,37,1,4,Day,1
302,38,Tech,55,53373.0,19,1,3,Rotational,0
303,45,Sales,8,32333.0,2,4,3,Rotational,1
304,51,HR,37,49304.0,1,1,5,Day,1
305,23,Operations,32,40815.0,17,1,3,Rotational,0
306,44,HR,48,53946.0,9,4,2,Night,0
307,52,Finance,43,48990.0,4,3,5,Night,0
308,42,Tech,37,50314.0,8,3,3,Day,1
309,43,Sales,4,31504.0,1,2,3,Night,1
310,22,Sales,30,47818.0,33,1,4,Day,0
311,47,Operations,6,32161.0,37,4,3,Day,1
312,22,HR,46,48913.0,30,1,1,Night,0
313,46,Operations,54,52539.0,9,5,5,Day,1
314,37,Tech,19,33773.0,11,1,1,Night,1
315,53,Operations,32,47899.0,35,1,5,Rotational,0
316,29,Sales,9,42173.0,20,3,4,Rotational,0
317,59,Sales,12,37306.0,5,4,3,Day,0
318,49,Finance,11,40516.0,2,1,3,Night,0
319,46,Finance,46,56401.0,9,3,3,Night,0
320,55,Tech,55,55945.0,4,2,5,Rotational,0
321,45,HR,16,41796.0,25,3,3,Rotational,0
322,44,Operations,1,29064.0,20,3,1,Night,1
323,33,Tech,45,51124.0,25,3,3,Day,0
324,27,Finance,55,56874.0,37,1,4,Rotational,0
325,56,Operations,53,56016.0,25,1,1,Day,1
326,40,Finance,21,42484.0,7,2,3,Day,0
327,21,Operations,30,42987.0,4,5,3,Rotational,1
328,28,HR,13,39167.0,14,5,2,Day,0
329,36,Tech,34,49624.0,15,5,5,Day,0
330,34,Operations,4,33029.0,0,2,1,Night,0
331,32,Sales,28,49819.0,15,5,2,Day,0
332,43,Sales,38,52862.0,36,5,4,Night,0
333,35,Operations,58,62209.0,2,3,5,Rotational,0
334,48,Operations,31,45698.0,30,1,1,Rotational,0
335,54,Operations,59,60555.0,12,1,3,Night,0
336,22,Sales,55,59071.0,15,3,1,Rotational,0
337,52,Sales,27,43540.0,20,3,3,Day,0
338,43,Operations,5,31373.0,1,3,5,Day,1
339,42,Finance,25,35283.0,26,1,3,Day,1
340,45,Finance,3,33653.0,37,5,4,Rotational,1
341,42,HR,33,49624.0,25,3,3,Day,0
342,42,Tech,4,28517.0,37,2,4,Rotational,1
343,26,Finance,25,44316.0,24,3,5,Day,1
344,35,Sales,20,38225.0,10,4,5,Night,0
345,57,Finance,34,45900.0,7,3,1,Rotational,0
346,53,HR,26,46932.0,7,1,4,Rotational,0
347,28,HR,5,29528.0,32,3,4,Day,1
348,25,Tech,35,44524.0,6,4,2,Rotational,0
349,59,Finance,28,49415.0,37,2,2,Rotational,1
350,24,Sales,29,44063.0,20,5,2,Night,0
351,26,Sales,9,38240.0,7,3,3,Night,0
352,52,Operations,52,51204.0,20,4,2,Day,0
353,50,Sales,38,44444.0,19,4,4,Night,0
354,55,Tech,50,52261.0,7,2,3,Day,0
355,36,Tech,6,31556.0,30,1,5,Day,1
356,33,Sales,19,35290.0,28,3,1,Day,0
357,50,Sales,44,53108.0,8,4,2,Rotational,1
358,39,Operations,57,59804.0,14,2,5,Night,0
359,37,Sales,11,32806.0,29,5,4,Day,0
360,39,Operations,2,28544.0,25,4,1,Night,1
361,48,Operations,47,51440.0,9,2,5,Day,1
362,46,Sales,44,48505.0,28,1,1,Night,0
363,57,HR,44,43313.0,15,1,2,Night,0
364,46,HR,9,34245.0,35,4,4,Day,1
365,43,Operations,21,39209.0,19,4,1,Rotational,0
366,29,Sales,24,41016.0,36,3,5,Night,1
367,32,HR,34,43965.0,21,2,2,Rotational,0
368,21,Sales,22,43431.0,6,4,2,Rotational,1
369,21,Sales,3,38776.0,22,3,5,Day,0
370,54,Sales,12,33498.0,39,3,5,Day,0
371,52,Finance,28,48199.0,28,4,1,Day,0
372,45,Sales,30,46100.0,15,1,3,Night,1
373,21,Finance,26,43106.0,37,2,2,Day,0
374,36,Operations,48,52968.0,27,2,1,Day,1
375,59,HR,21,40250.0,37,1,5,Night,1
376,25,HR,28,47449.0,30,4,1,Night,0
377,42,HR,56,54586.0,13,2,5,Day,0
378,49,HR,26,42175.0,32,4,4,Day,0
379,23,HR,33,50247.0,8,4,5,Day,1
380,32,HR,21,43451.0,26,3,5,Day,1
381,46,HR,35,44132.0,23,1,5,Rotational,0
382,36,Operations,52,55452.0,12,4,3,Rotational,1
383,57,Sales,34,49184.0,25,5,5,Day,0
384,42,Tech,41,52490.0,28,1,2,Rotational,0
385,49,Finance,51,58425.0,27,2,2,Night,0
386,34,Tech,47,54653.0,27,3,1,Rotational,1
387,48,Tech,18,40656.0,7,2,3,Rotational,1
388,25,Sales,58,60028.0,22,2,1,Day,0
389,50,Sales,11,40239.0,28,1,2,Rotational,0
390,25,Sales,57,57235.0,4,2,2,Rotational,0
391,32,HR,23,41645.0,6,4,4,Rotational,0
392,36,Operations,48,50955.0,35,2,5,Rotational,1
393,46,HR,22,37364.0,26,3,2,Night,1
394,46,Operations,17,39475.0,1,3,1,Day,0
395,41,Operations,5,30327.0,24,5,1,Day,1
396,59,Tech,44,51827.0,8,3,5,Night,1
397,56,Tech,11,40353.0,26,2,5,Rotational,1
398,53,Operations,30,49680.0,0,3,4,Night,0
399,50,Operations,15,44172.0,22,1,3,Rotational,0
400,57,HR,27,48413.0,9,3,1,Night,0
401,43,HR,35,54709.0,24,4,5,Day,0
402,30,Tech,33,47810.0,2,1,1,Day,1
403,25,Sales,20,37291.0,5,5,5,Day,0
404,56,Operations,16,34999.0,5,4,2,Rotational,1
405,54,HR,34,51189.0,1,2,1,Rotational,1
406,51,Tech,2,31155.0,17,2,2,Night,0
407,30,HR,35,47878.0,22,2,1,Night,1
408,39,Operations,40,48353.0,1,4,3,Day,0
409,52,Operations,56,56712.0,11,4,4,Rotational,0
410,21,Finance,28,45151.0,21,4,2,Night,0
411,25,Sales,47,50334.0,36,1,5,Rotational,1
412,24,Finance,39,50271.0,19,1,3,Rotational,0
413,36,Tech,6,37533.0,38,2,1,Day,1
414,44,HR,9,28099.0,23,3,2,Day,0
415,36,Tech,20,35376.0,19,2,1,Rotational,1
416,22,Operations,1,32527.0,0,5,1,Rotational,0
417,48,Finance,8,38092.0,0,1,1,Rotational,1
418,52,Finance,55,56030.0,16,4,4,Rotational,0
419,47,Finance,23,35505.0,0,1,4,Day,0
420,40,Tech,3,35796.0,29,4,5,Night,1
421,44,Operations,4,29567.0,2,5,2,Day,0
422,32,HR,58,57916.0,10,5,3,Night,0
423,55,HR,25,43457.0,23,1,3,Rotational,0
424,53,Tech,47,51501.0,21,4,3,Night,0
425,53,Finance,38,46372.0,25,5,1,Day,0
426,57,Sales,15,34927.0,12,2,4,Day,0
427,32,Tech,21,46074.0,0,2,2,Rotational,0
428,23,Tech,35,50979.0,23,4,1,Day,0
429,21,Operations,57,60224.0,9,1,4,Rotational,0
430,53,HR,53,49941.0,34,5,4,Day,1
431,30,Tech,53,58235.0,23,1,2,Day,0
432,49,Tech,46,54573.0,27,2,2,Rotational,0
433,33,Finance,52,52166.0,35,5,2,Night,0
434,32,Finance,14,37776.0,15,1,1,Day,0
435,51,Sales,36,51154.0,39,3,5,Night,0
436,22,Operations,12,37708.0,15,4,2,Day,0
437,55,Sales,17,36459.0,16,4,5,Day,0
438,43,Finance,39,49540.0,14,3,1,Day,0
439,37,HR,9,36691.0,15,2,5,Day,1
440,46,Finance,35,47678.0,14,5,3,Night,0
441,28,Operations,13,40263.0,33,4,5,Night,0
442,49,Finance,15,38687.0,10,3,2,Day,0
443,46,Operations,18,41259.0,0,3,1,Day,0
444,30,Operations,51,57964.0,14,2,2,Night,1
445,46,Operations,33,43300.0,25,2,3,Rotational,1
446,54,Operations,6,33150.0,3,1,2,Rotational,1
447,27,Operations,59,58503.0,4,4,2,Night,0
448,24,HR,27,46632.0,34,1,2,Day,1
449,31,Sales,23,42890.0,12,3,4,Day,0
450,49,Tech,59,58935.0,9,5,3,Rotational,0
451,56,Sales,27,39654.0,10,5,2,Rotational,0
452,45,Operations,34,42209.0,17,2,2,Night,1
453,41,HR,56,58931.0,33,5,2,Rotational,1
454,56,Finance,46,50848.0,38,5,1,Night,1
455,30,HR,38,50998.0,22,5,4,Rotational,0
456,57,Operations,14,32071.0,6,3,1,Rotational,0
457,29,HR,36,52779.0,38,5,4,Rotational,0
458,44,HR,53,58492.0,2,5,2,Day,0
459,55,Operations,8,34298.0,11,5,3,Day,0
460,55,HR,35,52549.0,6,1,5,Day,0
461,56,Tech,19,42345.0,25,3,5,Rotational,0
462,38,Tech,30,43575.0,32,2,2,Night,1
463,59,HR,14,37233.0,36,1,1,Night,1
464,52,Finance,59,53607.0,14,4,3,Night,0
465,44,Operations,20,43193.0,1,3,4,Night,0
466,43,Tech,49,53612.0,6,3,2,Day,0
467,52,Finance,25,36568.0,31,4,3,Day,1
468,57,HR,40,46454.0,3,4,3,Rotational,0
469,32,Finance,24,44613.0,19,4,4,Rotational,0
470,33,Sales,14,41841.0,35,2,3,Night,1
471,43,Tech,26,43061.0,31,5,1,Day,1
472,45,HR,38,46054.0,27,3,1,Night,1
473,55,Operations,23,37238.0,12,5,1,Rotational,0
474,50,HR,22,45244.0,0,5,3,Rotational,0
475,37,Operations,48,55348.0,34,4,1,Night,0
476,40,HR,57,57510.0,29,2,4,Rotational,1
477,45,Finance,19,37795.0,35,1,3,Night,0
478,42,Finance,46,55015.0,24,2,5,Day,1
479,33,Finance,51,57433.0,15,5,3,Night,0
480,39,Sales,3,28810.0,18,2,4,Day,1
481,56,Operations,42,47573.0,0,4,5,Day,0
482,32,Finance,19,36224.0,4,1,3,Rotational,0
483,39,Sales,9,33095.0,21,4,1,Rotational,0
484,32,Operations,28,41931.0,23,1,2,Rotational,1
485,29,HR,20,44854.0,36,5,2,Night,0
486,27,Sales,45,50989.0,35,1,1,Night,1
487,48,Tech,7,29751.0,35,1,2,Rotational,1
488,34,Sales,14,33420.0,3,1,2,Night,0
489,51,Sales,9,33948.0,35,2,1,Rotational,1
490,39,Operations,59,54034.0,17,2,1,Night,1
491,36,HR,55,57320.0,15,5,3,Day,1
492,25,Tech,57,54491.0,17,1,3,Day,1
493,55,Finance,19,42976.0,21,3,1,Rotational,0
494,32,Finance,47,53850.0,1,5,4,Night,0
495,45,Sales,52,62363.0,20,1,2,Night,1
496,41,Operations,14,36315.0,35,1,3,Day,1
497,56,Operations,56,48605.0,38,2,2,Day,0
498,43,Finance,38,53373.0,38,5,5,Rotational,0
499,36,Tech,53,58006.0,28,1,1,Day,0
500,59,HR,36,49971.0,25,1,4,Rotational,1
501,59,Tech,40,46992.0,20,5,5,Day,0
502,34,HR,17,38371.0,16,3,5,Day,0
503,51,Finance,30,45559.0,15,5,5,Night,0
504,25,HR,9,33787.0,30,5,1,Day,1
505,55,Operations,33,41297.0,8,3,3,Day,0
506,43,Sales,56,66306.0,30,5,1,Rotational,0
507,49,Sales,52,58507.0,13,1,3,Day,1
508,31,Finance,25,43762.0,36,5,5,Rotational,0
509,38,Operations,14,40942.0,1,3,5,Day,0
510,32,Tech,11,37433.0,13,4,4,Day,0
511,29,Operations,53,54468.0,32,5,3,Rotational,0
512,30,Sales,35,51249.0,34,2,5,Night,0
513,37,Sales,41,53057.0,38,1,2,Rotational,1
514,58,Operations,59,57582.0,19,1,4,Rotational,1
515,27,Operations,14,39370.0,1,2,1,Rotational,0
516,33,Sales,30,44278.0,18,2,4,Night,0
517,29,Tech,41,51125.0,36,5,2,Day,1
518,47,Finance,4,33799.0,17,2,3,Rotational,1
519,22,Finance,59,63605.0,15,4,1,Rotational,0
520,25,Operations,4,30062.0,3,3,1,Night,0
521,49,Finance,28,45095.0,11,2,3,Rotational,0
522,57,Sales,8,40047.0,28,2,4,Day,1
523,58,Sales,2,30472.0,6,4,5,Night,0
524,39,Operations,41,51090.0,13,1,4,Day,0
525,28,Operations,46,59043.0,11,1,2,Day,0
526,21,Operations,22,42912.0,34,5,5,Night,0
527,42,Tech,41,46078.0,4,4,4,Rotational,0
528,37,Finance,56,55614.0,16,3,3,Day,0
529,27,Operations,55,59569.0,31,3,2,Day,0
530,45,HR,16,39269.0,9,4,2,Day,0
531,24,HR,29,44988.0,16,3,2,Day,1
532,56,Sales,49,60984.0,4,1,5,Night,1
533,26,Finance,48,52148.0,8,3,1,Night,1
534,51,Operations,30,44777.0,32,3,5,Day,1
535,39,HR,12,30111.0,35,4,4,Rotational,1
536,59,Finance,35,50982.0,35,4,1,Day,1
537,47,Sales,11,33103.0,17,3,4,Rotational,0
538,30,Tech,46,56171.0,8,2,1,Day,0
539,46,Finance,50,57856.0,28,4,5,Rotational,1
540,39,Finance,21,47547.0,13,5,2,Day,0
541,59,Tech,21,42448.0,24,5,3,Rotational,0
542,23,Finance,5,31432.0,14,1,2,Day,1
543,33,Sales,48,55361.0,5,3,5,Day,0
544,48,Sales,20,37722.0,28,2,1,Rotational,1
545,40,Tech,37,49457.0,14,1,2,Night,1
546,48,Operations,3,30897.0,28,3,5,Rotational,1
547,28,HR,44,51789.0,3,4,4,Night,1
548,59,Operations,33,43805.0,17,5,3,Day,0
549,21,Finance,53,57401.0,38,2,2,Rotational,1
550,23,HR,9,36973.0,15,5,1,Rotational,1
551,33,Tech,9,29544.0,10,4,4,Rotational,1
552,48,Tech,4,29934.0,13,3,5,Night,1
553,45,HR,35,48004.0,2,4,3,Night,0
554,53,Sales,17,31458.0,37,4,1,Day,0
555,58,HR,34,52221.0,17,5,5,Night,0
556,26,Finance,24,39867.0,19,2,5,Night,1
557,52,Sales,32,43186.0,24,4,2,Day,1
558,41,Tech,1,29878.0,37,5,2,Rotational,1
559,36,HR,8,34412.0,12,2,1,Rotational,0
560,41,Operations,45,50231.0,3,3,5,Day,1
561,31,Operations,23,44441.0,13,3,2,Rotational,0
562,57,Finance,47,54699.0,32,1,3,Night,0
563,56,Operations,40,47488.0,27,5,3,Day,1
564,55,HR,12,34433.0,36,2,5,Day,1
565,39,HR,54,52450.0,7,4,2,Day,0
566,40,Operations,12,32240.0,33,3,1,Rotational,0
567,38,HR,46,54163.0,4,2,1,Day,0
568,34,Finance,47,51019.0,4,5,1,Day,0
569,35,Sales,15,42913.0,30,1,3,Day,0
570,51,Finance,41,50713.0,8,3,2,Rotational,0
571,21,Finance,19,35442.0,31,2,2,Night,0
572,23,HR,26,39570.0,32,2,3,Day,1
573,36,Sales,52,59159.0,2,2,1,Night,0
574,43,HR,29,44270.0,29,5,1,Rotational,0
575,31,Tech,22,43976.0,11,5,5,Rotational,0
576,32,HR,40,48901.0,28,5,4,Rotational,1
577,30,HR,21,38819.0,2,4,2,Rotational,1
578,52,HR,51,58858.0,25,2,2,Night,0
579,36,Sales,38,46424.0,29,3,2,Day,0
580,28,HR,20,41467.0,8,5,4,Rotational,0
581,58,Sales,57,57865.0,25,5,5,Rotational,0
582,32,Operations,29,47136.0,1,2,4,Night,0
583,44,Tech,51,60955.0,2,5,1,Night,0
584,48,Sales,4,30823.0,3,4,1,Rotational,1
585,28,Operations,55,55859.0,24,4,2,Day,0
586,48,Sales,7,35497.0,12,5,3,Day,0
587,56,Sales,28,40754.0,38,2,2,Rotational,0
588,46,Tech,28,48849.0,34,2,3,Night,1
589,28,Finance,4,36338.0,22,2,4,Rotational,1
590,48,Finance,22,38003.0,8,1,1,Rotational,1
591,48,Sales,12,31251.0,1,5,3,Night,0
592,57,HR,45,49018.0,30,2,4,Rotational,1
593,56,Operations,3,28064.0,1,4,1,Rotational,1
594,47,HR,22,43405.0,31,3,3,Rotational,1
595,37,HR,44,56648.0,17,3,2,Night,0
596,29,Sales,2,33370.0,12,2,2,Day,1
597,53,Sales,24,41291.0,4,3,2,Day,1
598,40,Sales,34,48027.0,9,3,4,Night,0
599,33,Sales,27,40891.0,24,1,2,Day,0
600,48,Finance,55,60792.0,33,4,5,Rotational,0
601,49,Sales,41,51796.0,36,4,1,Day,0
602,33,Finance,1,32820.0,29,1,4,Rotational,1
603,55,Finance,8,31817.0,6,1,2,Day,1
604,26,Sales,23,40994.0,5,3,1,Night,0
605,38,Tech,38,51175.0,2,5,3,Day,0
606,25,Operations,6,37331.0,12,3,2,Day,0
607,45,HR,22,39176.0,2,1,1,Day,0
608,22,Finance,25,44841.0,25,4,5,Night,0
609,30,Operations,18,36864.0,23,3,3,Day,1
610,50,Tech,17,44852.0,5,5,5,Night,0
611,25,HR,12,34756.0,11,3,1,Rotational,0
612,53,HR,6,34931.0,35,2,5,Day,1
613,21,Finance,26,43497.0,1,3,1,Night,0
614,38,Sales,27,51316.0,10,1,1,Night,0
615,52,Tech,8,34690.0,38,4,5,Day,1
616,31,Finance,19,37955.0,33,4,1,Rotational,0
617,41,Tech,42,52919.0,25,1,2,Night,0
618,46,Sales,1,32352.0,17,2,1,Day,1
619,45,Sales,57,58028.0,20,1,4,Rotational,0
620,42,Finance,29,41216.0,35,3,1,Night,0
621,47,Sales,45,50916.0,39,1,4,Night,1
622,33,Operations,49,57144.0,21,1,1,Rotational,1
623,53,HR,35,42258.0,29,2,1,Rotational,1
624,54,Finance,40,49256.0,29,3,5,Day,0
625,55,Tech,14,39985.0,7,5,2,Day,0
626,21,Operations,35,47220.0,33,5,2,Night,0
627,41,Finance,48,60521.0,8,4,3,Rotational,0
628,26,Sales,45,47266.0,19,1,5,Rotational,0
629,48,Sales,20,37116.0,39,4,5,Rotational,0
630,37,Sales,56,51056.0,24,2,2,Night,0
631,25,Sales,49,60481.0,18,5,5,Rotational,0
632,51,Tech,13,33665.0,4,1,2,Rotational,1
633,25,Operations,38,43039.0,10,2,5,Night,0
634,58,HR,49,52664.0,14,2,1,Day,0
635,23,Tech,46,48822.0,7,1,2,Day,0
636,43,Tech,49,52686.0,18,2,2,Night,0
637,57,HR,8,34124.0,22,1,4,Rotational,0
638,57,HR,43,53915.0,26,1,5,Night,1
639,30,Sales,20,39476.0,39,3,5,Day,0
640,30,Tech,33,46576.0,31,4,2,Day,1
641,39,Finance,26,41255.0,25,2,1,Night,0
642,37,HR,39,44965.0,26,2,1,Night,1
643,41,HR,21,34960.0,18,3,1,Day,0
644,34,Operations,53,55407.0,28,3,5,Night,1
645,29,Finance,49,54754.0,38,3,4,Day,0
646,21,Finance,42,49684.0,32,5,2,Night,1
647,33,HR,43,46072.0,18,5,3,Night,0
648,24,Sales,54,57604.0,36,5,4,Night,0
649,21,Operations,41,55388.0,18,1,3,Day,0
650,52,Finance,9,34156.0,32,2,4,Night,1
651,54,HR,24,40261.0,15,4,1,Day,0
652,48,Finance,37,48319.0,22,1,5,Day,0
653,51,Operations,49,51187.0,6,2,3,Night,0
654,28,Operations,41,46993.0,25,2,4,Night,1
655,59,Tech,17,39854.0,31,3,5,Day,0
656,46,HR,24,44971.0,11,3,3,Day,1
657,54,Operations,21,40059.0,7,1,2,Rotational,0
658,23,Tech,51,49579.0,4,3,4,Day,0
659,32,Tech,59,60560.0,27,2,2,Rotational,1
660,21,Finance,39,55702.0,4,3,1,Rotational,0
661,25,Finance,55,56768.0,25,5,2,Rotational,0
662,50,Tech,41,49966.0,4,3,2,Night,0
663,50,Finance,39,46882.0,21,2,4,Night,1
664,37,Operations,13,37944.0,14,1,1,Day,1
665,43,Sales,11,33487.0,12,4,2,Rotational,0
666,35,Operations,46,56065.0,27,3,5,Night,0
667,57,Tech,19,37527.0,32,2,3,Night,0
668,41,Tech,11,36525.0,22,4,2,Night,0
669,34,Operations,13,36361.0,32,4,1,Night,0
670,22,Finance,46,57665.0,17,5,2,Night,0
671,31,Finance,45,53728.0,29,4,3,Rotational,1
672,59,Tech,1,34661.0,25,2,1,Rotational,0
673,58,HR,40,50326.0,15,2,4,Rotational,1
674,54,Finance,44,51488.0,12,3,1,Rotational,0
675,58,Operations,19,39385.0,38,3,4,Day,0
676,54,Finance,12,33686.0,32,3,1,Rotational,0
677,38,Operations,8,35595.0,25,4,3,Night,0
678,50,Tech,8,31929.0,0,4,3,Rotational,0
679,35,Finance,53,56837.0,37,5,1,Day,0
680,47,Operations,45,55066.0,1,3,2,Night,1
681,54,Tech,12,40751.0,5,1,3,Rotational,1
682,58,HR,48,54489.0,37,5,4,Rotational,0
683,53,Operations,33,49084.0,23,1,4,Rotational,0
684,44,HR,45,54726.0,17,4,5,Night,1
685,35,HR,26,41853.0,26,5,4,Night,1
686,50,Sales,39,55823.0,7,5,5,Day,1
687,37,Finance,28,42271.0,27,2,1,Night,1
688,25,Operations,58,59273.0,9,4,1,Night,0
689,49,HR,5,36862.0,16,4,1,Rotational,0
690,24,Sales,8,38288.0,28,5,2,Night,0
691,30,Tech,25,42543.0,5,4,2,Rotational,0
692,37,Operations,27,46471.0,13,5,5,Rotational,0
693,30,HR,46,52328.0,21,2,4,Night,1
694,37,Finance,23,40034.0,5,5,4,Day,0
695,40,Sales,30,41362.0,25,4,1,Day,0
696,44,HR,45,54672.0,38,4,3,Night,1
697,25,Finance,47,55988.0,11,5,2,Day,0
698,54,HR,23,39796.0,34,5,2,Rotational,1
699,26,Operations,49,55304.0,13,5,1,Rotational,1
700,22,Operations,47,61453.0,21,3,2,Night,1
701,33,Operations,20,43440.0,22,4,1,Day,0
702,31,Sales,18,36296.0,6,4,5,Day,1
703,43,Operations,18,42005.0,39,3,4,Rotational,0
704,36,Finance,2,28309.0,24,5,3,Night,1
705,51,HR,4,23314.0,12,2,4,Day,0
706,31,Tech,30,44939.0,20,5,4,Night,0
707,36,Finance,33,51190.0,9,5,5,Day,0
708,28,Finance,36,52192.0,8,3,2,Rotational,0
709,24,Operations,18,40132.0,14,4,3,Rotational,0
710,24,Sales,37,46875.0,1,5,2,Night,0
711,45,HR,19,40959.0,24,4,4,Rotational,0
712,23,Sales,47,52693.0,12,1,1,Day,1
713,52,HR,28,42459.0,33,4,4,Rotational,1
714,23,HR,40,53186.0,33,2,2,Night,0
715,47,Sales,20,38422.0,34,2,4,Night,1
716,49,Finance,49,57882.0,37,5,1,Night,0
717,52,HR,33,44723.0,2,4,5,Day,0
718,39,Sales,12,42175.0,5,5,2,Day,0
719,41,HR,58,54078.0,18,3,4,Day,0
720,25,Tech,51,52630.0,2,2,2,Day,0
721,38,Finance,15,37034.0,17,5,5,Day,1
722,48,Operations,41,44548.0,38,3,4,Rotational,1
723,42,HR,39,41787.0,8,5,4,Day,0
724,41,Tech,2,25074.0,11,4,2,Day,0
725,26,Operations,29,43624.0,4,4,2,Rotational,0
726,21,Operations,41,49700.0,2,4,1,Day,0
727,25,HR,10,35999.0,10,4,5,Night,0
728,32,Sales,2,30409.0,29,1,1,Day,1
729,46,HR,51,56399.0,3,3,4,Day,1
730,54,Tech,11,34149.0,4,3,2,Night,0
731,34,Operations,13,38644.0,0,4,4,Night,0
732,46,HR,10,36783.0,26,1,4,Night,1
733,47,Sales,14,36020.0,27,4,3,Night,1
734,29,HR,18,40599.0,28,1,3,Day,1
735,46,Finance,51,54928.0,17,4,4,Night,0
736,42,Sales,54,52433.0,11,2,2,Night,0
737,50,Tech,9,37213.0,12,2,4,Rotational,0
738,37,Operations,57,55780.0,1,5,3,Night,1
739,46,HR,39,52181.0,36,4,2,Night,0
740,56,Sales,28,44972.0,15,3,4,Rotational,0
741,21,Finance,3,31246.0,23,5,5,Rotational,0
742,28,Sales,20,34369.0,34,2,5,Day,1
743,55,Finance,6,37619.0,21,4,4,Rotational,0
744,35,Tech,27,42411.0,35,5,2,Day,0
745,42,Operations,53,58404.0,10,4,4,Rotational,1
746,34,Tech,2,30658.0,28,2,4,Rotational,1
747,46,HR,29,43686.0,34,5,3,Day,0
748,48,Sales,38,49578.0,14,2,5,Rotational,0
749,43,Finance,3,31580.0,30,1,3,Day,1
750,34,Finance,16,37199.0,15,2,3,Rotational,1
751,44,Sales,30,44834.0,9,4,4,Night,0
752,22,Sales,40,51281.0,31,3,3,Rotational,0
753,46,HR,2,32493.0,1,2,5,Day,0
754,34,Tech,17,38630.0,23,3,3,Rotational,0
755,27,Finance,41,52363.0,22,1,5,Day,0
756,23,HR,12,34728.0,1,5,3,Day,1
757,43,Tech,35,54175.0,37,5,5,Night,0
758,38,HR,43,55957.0,30,3,3,Night,0
759,58,Finance,1,32787.0,39,5,3,Day,1
760,55,Sales,55,51675.0,25,2,2,Rotational,0
761,35,Sales,45,54318.0,28,3,5,Day,0
762,45,Tech,15,36490.0,2,4,5,Day,0
763,57,Operations,26,40064.0,13,2,5,Rotational,1
764,48,Tech,37,47414.0,24,2,1,Rotational,0
765,30,Operations,21,37896.0,0,2,3,Rotational,0
766,59,HR,49,56020.0,2,4,5,Rotational,0
767,37,HR,31,50348.0,25,1,1,Day,1
768,59,Finance,25,44978.0,17,5,2,Day,0
769,42,Operations,23,49788.0,8,3,5,Night,0
770,46,Finance,24,37339.0,37,1,5,Day,1
771,45,Sales,57,56982.0,22,3,1,Rotational,0
772,37,Operations,38,46171.0,20,5,3,Night,0
773,33,Tech,28,47688.0,0,4,2,Rotational,0
774,40,Sales,21,39838.0,20,2,5,Day,0
775,45,Sales,54,57569.0,26,2,3,Night,1
776,24,Tech,43,53401.0,5,4,2,Rotational,0
777,30,Sales,18,34636.0,35,1,4,Night,0
778,23,Operations,36,46136.0,27,1,4,Night,0
779,38,Finance,35,50492.0,16,3,2,Day,0
780,56,Sales,45,50856.0,39,4,1,Rotational,1
781,42,Operations,55,52359.0,2,1,2,Night,0
782,54,HR,9,31793.0,11,4,2,Night,1
783,28,Operations,53,55641.0,38,5,1,Rotational,1
784,39,Finance,38,49500.0,11,2,1,Night,0
785,57,Operations,58,58788.0,1,2,3,Night,0
786,26,Tech,30,43157.0,21,2,3,Night,1
787,46,Finance,44,54818.0,22,4,1,Rotational,0
788,54,HR,34,46613.0,29,4,4,Rotational,1
789,26,Tech,32,46628.0,4,3,4,Rotational,0
790,57,Operations,3,29817.0,8,2,2,Rotational,1
791,53,Finance,3,36027.0,20,3,5,Day,1
792,42,HR,28,42825.0,10,2,2,Night,0
793,41,Tech,44,52224.0,4,3,2,Rotational,0
794,26,HR,15,40605.0,34,3,5,Night,1
795,26,Operations,41,51340.0,26,5,1,Night,1
796,24,HR,23,42265.0,1,3,4,Day,0
797,50,Sales,40,44079.0,23,4,2,Rotational,1
798,31,Tech,11,37542.0,30,3,5,Rotational,1
799,50,HR,48,54167.0,32,2,3,Night,0
800,51,Operations,32,47625.0,38,3,2,Rotational,1
801,44,Operations,58,59550.0,29,1,4,Night,0
802,29,HR,59,57823.0,36,2,1,Night,0
803,23,Operations,57,61183.0,27,1,2,Day,1
804,51,Finance,54,57594.0,30,2,2,Day,1
805,57,Finance,36,44132.0,10,4,5,Day,1
806,56,Finance,33,50426.0,22,4,3,Night,0
807,44,Sales,24,37709.0,1,4,3,Rotational,0
808,51,HR,39,52203.0,39,1,1,Day,0
809,26,Sales,34,51461.0,26,5,4,Rotational,1
810,22,Operations,56,54681.0,34,2,1,Day,0
811,40,Sales,28,43632.0,1,4,2,Day,1
812,48,Operations,37,47852.0,38,2,2,Night,1
813,31,Operations,7,32987.0,36,1,3,Day,1
814,24,Tech,4,37491.0,20,5,4,Day,1
815,35,Finance,37,45216.0,4,1,5,Night,0
816,26,Operations,56,57080.0,20,2,4,Rotational,0
817,50,Tech,1,35010.0,28,5,2,Day,0
818,58,Finance,1,29531.0,19,5,5,Night,0
819,22,Operations,47,50693.0,37,1,4,Day,1
820,35,Operations,20,40789.0,19,4,4,Night,0
821,31,Sales,19,41917.0,24,2,5,Rotational,1
822,28,Sales,29,43321.0,1,3,2,Rotational,0
823,46,Finance,10,36663.0,31,3,4,Night,1
824,25,Operations,18,34870.0,25,1,5,Night,0
825,26,HR,28,40037.0,5,2,2,Night,1
826,46,Sales,35,46180.0,2,2,5,Rotational,0
827,24,Finance,43,53270.0,32,1,5,Day,1
828,39,Operations,47,55784.0,0,2,4,Rotational,0
829,40,Operations,31,41954.0,4,4,2,Night,0
830,53,HR,27,45673.0,12,1,4,Night,0
831,40,Finance,11,36000.0,18,4,1,Rotational,0
832,32,Operations,49,51862.0,11,2,1,Night,0
833,21,Sales,49,50497.0,24,1,2,Rotational,0
834,46,HR,38,49689.0,34,2,5,Night,1
835,34,Finance,5,36369.0,11,1,4,Day,0
836,58,HR,8,34107.0,29,2,4,Day,1
837,57,Sales,34,44195.0,4,4,2,Night,0
838,31,Finance,48,48396.0,33,4,2,Rotational,0
839,56,HR,52,60588.0,21,2,1,Day,0
840,33,Tech,56,61126.0,38,1,3,Rotational,0
841,23,Sales,12,36906.0,12,3,2,Night,0
842,53,Sales,38,53434.0,2,4,3,Rotational,0
843,26,Sales,1,31172.0,19,4,2,Day,0
844,30,Tech,31,43907.0,30,3,5,Rotational,0
845,25,Tech,4,33665.0,4,2,5,Rotational,1
846,43,Operations,49,52011.0,23,1,1,Night,0
847,30,HR,45,49513.0,39,2,1,Night,1
848,22,Operations,50,57315.0,32,5,3,Night,0
849,33,HR,5,35067.0,7,4,2,Day,0
850,22,Tech,30,41179.0,23,5,4,Day,0
851,40,Tech,56,54290.0,19,4,1,Night,0
852,21,Operations,24,40665.0,15,4,4,Night,0
853,57,Finance,59,57366.0,11,5,4,Day,0
854,29,Operations,3,32929.0,12,5,2,Day,1
855,37,HR,11,35644.0,38,2,3,Day,1
856,29,Operations,45,55995.0,24,5,2,Day,0
857,31,Sales,4,32952.0,31,2,1,Night,1
858,35,HR,26,41066.0,23,2,4,Day,0
859,44,HR,27,37827.0,8,2,2,Night,0
860,58,Finance,46,53538.0,39,4,2,Rotational,1
861,55,Tech,54,51869.0,22,4,2,Rotational,0
862,50,HR,43,49529.0,12,5,1,Day,0
863,51,Tech,27,41335.0,31,4,3,Rotational,0
864,25,Operations,42,49475.0,14,5,2,Rotational,0
865,34,Sales,51,51552.0,35,4,1,Rotational,0
866,31,Finance,50,52824.0,4,1,4,Day,0
867,29,Tech,6,36438.0,21,1,5,Day,1
868,54,HR,59,62929.0,15,5,1,Rotational,1
869,32,Tech,15,42097.0,9,4,5,Night,0
870,55,HR,53,56530.0,23,4,2,Rotational,0
871,55,Tech,30,45814.0,17,2,2,Day,0
872,21,HR,42,54482.0,17,3,1,Day,0
873,42,Operations,37,44088.0,6,5,5,Day,0
874,49,HR,58,61417.0,3,3,2,Rotational,0
875,28,HR,37,52407.0,25,3,4,Night,0
876,31,Sales,42,48333.0,4,5,3,Day,1
877,57,HR,37,52648.0,15,4,3,Day,0
878,34,Sales,35,53673.0,34,5,2,Rotational,0
879,50,Finance,23,43834.0,25,3,5,Night,0
880,55,Sales,6,34784.0,17,4,2,Rotational,1
881,41,Operations,4,28641.0,28,1,5,Day,1
882,57,Sales,18,42208.0,22,5,4,Night,0
883,25,Finance,9,31423.0,13,5,5,Night,1
884,39,Operations,49,55609.0,14,4,2,Day,1
885,34,Tech,29,45913.0,32,1,4,Night,1
886,46,Tech,13,26611.0,24,1,1,Night,0
887,24,Sales,59,60717.0,20,4,3,Rotational,0
888,45,Sales,47,61364.0,16,2,2,Day,1
889,45,Finance,52,49724.0,22,5,2,Day,0
890,38,Finance,17,38338.0,16,5,2,Day,0
891,28,HR,45,46659.0,13,3,4,Day,0
892,59,Finance,32,43318.0,28,4,1,Day,1
893,34,HR,48,48211.0,19,3,5,Night,0
894,52,Operations,22,41479.0,29,3,1,Rotational,0
895,58,Sales,4,34381.0,18,1,4,Day,0
896,53,Operations,5,33729.0,38,5,2,Rotational,0
897,43,Finance,37,45709.0,12,3,3,Rotational,0
898,35,Operations,41,48672.0,17,1,2,Night,0
899,53,Operations,49,55317.0,22,4,5,Day,0
900,45,Operations,13,33803.0,32,3,3,Night,0
901,37,Finance,34,43014.0,38,5,2,Day,0
902,53,Operations,45,51783.0,39,3,3,Night,1
903,22,HR,22,38166.0,17,4,1,Rotational,0
904,34,Finance,53,57735.0,8,3,4,Day,0
905,59,Operations,59,63396.0,32,5,2,Rotational,1
906,26,Finance,23,49293.0,31,1,5,Rotational,0
907,26,Tech,51,56514.0,16,5,1,Night,1
908,23,HR,3,33438.0,18,1,2,Day,1
909,27,Operations,42,49202.0,26,2,1,Rotational,1
910,28,Tech,34,45388.0,5,5,5,Night,0
911,35,Tech,32,49852.0,34,5,2,Day,1
912,49,Finance,45,51671.0,36,4,5,Day,0
913,53,Tech,51,55719.0,33,3,3,Rotational,0
914,50,HR,58,62669.0,19,1,5,Day,0
915,59,HR,49,53694.0,24,1,3,Rotational,1
916,47,Sales,21,45001.0,3,4,2,Day,0
917,56,HR,46,54719.0,9,4,3,Night,0
918,49,Tech,44,53366.0,9,3,2,Rotational,0
919,58,HR,21,38555.0,23,3,2,Rotational,0
920,53,Finance,44,53527.0,20,5,4,Day,0
921,57,Sales,11,34213.0,10,2,2,Day,0
922,47,Tech,39,50908.0,26,3,3,Rotational,0
923,53,Sales,4,31695.0,15,4,4,Day,1
924,24,Tech,51,58400.0,25,3,4,Night,0
925,42,Finance,1,30405.0,29,1,2,Day,1
926,22,Sales,28,50114.0,15,2,5,Night,0
927,30,Operations,24,41173.0,6,5,5,Night,0
928,25,Tech,35,45896.0,15,1,4,Night,0
929,30,Operations,13,37538.0,34,1,2,Night,0
930,53,Sales,47,56734.0,15,2,5,Night,1
931,58,Operations,34,50210.0,39,5,2,Day,1
932,33,Operations,11,36000.0,11,4,2,Night,1
933,51,Sales,36,49017.0,34,5,4,Day,0
934,56,Finance,51,56522.0,20,3,4,Night,0
935,44,Operations,17,35266.0,35,1,1,Rotational,0
936,35,Operations,35,50572.0,16,3,5,Night,0
937,49,Finance,18,35226.0,31,4,5,Rotational,0
938,28,Operations,40,46772.0,5,3,5,Night,0
939,25,Operations,22,41165.0,23,5,3,Night,0
940,49,Operations,57,57540.0,26,3,2,Night,0
941,24,HR,24,44388.0,19,4,4,Rotational,0
942,32,Finance,58,60342.0,24,4,5,Rotational,0
943,22,Operations,19,39915.0,1,4,1,Night,0
944,47,Finance,37,45123.0,8,5,5,Day,0
945,51,Tech,39,49580.0,27,4,2,Night,1
946,56,Tech,21,40342.0,37,1,2,Rotational,0
947,56,Operations,8,34667.0,2,4,4,Night,0
948,46,Finance,28,42710.0,19,3,3,Rotational,0
949,47,Finance,5,34068.0,5,3,4,Rotational,1
950,25,Finance,17,37460.0,38,3,5,Rotational,0
951,40,HR,37,49787.0,32,5,1,Night,0
952,31,Tech,36,50388.0,0,3,4,Rotational,1
953,30,Finance,54,55396.0,36,5,3,Rotational,0
954,58,Finance,19,37184.0,5,5,4,Night,0
955,26,HR,27,44929.0,33,4,2,Rotational,1
956,28,HR,53,52537.0,14,1,5,Night,1
957,43,Finance,34,50335.0,25,4,5,Rotational,0
958,46,Sales,11,35533.0,13,4,5,Day,0
959,32,Finance,54,56656.0,6,5,5,Day,1
960,46,Finance,45,54138.0,30,5,5,Rotational,0
961,33,HR,47,54952.0,23,3,5,Day,0
962,38,HR,12,36020.0,30,3,1,Night,0
963,45,Finance,54,59636.0,28,4,3,Day,0
964,53,Finance,21,38483.0,31,2,5,Rotational,0
965,32,Finance,54,59137.0,16,2,3,Rotational,0
966,56,HR,11,32264.0,13,3,5,Night,1
967,24,Finance,39,51032.0,39,2,4,Rotational,0
968,25,Finance,28,43016.0,35,3,5,Night,0
969,57,Operations,5,28567.0,23,5,2,Day,1
970,28,Sales,17,39270.0,26,4,1,Day,1
971,48,Tech,56,57897.0,24,1,4,Night,0
972,51,Sales,20,35372.0,31,4,4,Night,0
973,29,Operations,41,44159.0,17,3,2,Rotational,0
974,49,Tech,46,52543.0,17,3,5,Day,0
975,34,Finance,58,63855.0,36,4,1,Night,1
976,42,Operations,12,36963.0,25,3,4,Day,0
977,31,Finance,6,30995.0,8,2,1,Night,1
978,43,HR,17,41746.0,34,2,4,Day,1
979,21,Operations,51,58222.0,7,3,5,Rotational,0
980,57,HR,19,43315.0,19,3,4,Day,1
981,41,Operations,26,45052.0,21,2,4,Day,1
982,46,Operations,48,56658.0,18,3,3,Day,0
983,56,HR,44,54193.0,29,3,5,Day,0
984,43,Tech,44,50567.0,27,4,2,Day,0
985,21,Sales,52,51088.0,34,1,2,Rotational,0
986,35,Finance,32,44437.0,10,2,5,Night,0
987,41,Operations,6,36315.0,30,4,2,Day,1
988,29,Finance,55,56357.0,38,1,5,Rotational,1
989,29,HR,58,58564.0,35,3,2,Day,0
990,30,Finance,36,44503.0,29,3,3,Day,1
991,46,HR,38,47347.0,22,4,2,Night,1
992,55,Finance,11,35473.0,18,3,4,Day,1
993,45,Sales,33,47978.0,11,5,5,Rotational,0
994,46,Sales,24,40624.0,14,4,1,Rotational,0
995,31,Sales,23,39914.0,30,1,1,Night,0
996,58,Sales,15,40027.0,36,4,5,Day,1
997,22,Sales,27,44476.0,36,2,3,Rotational,1
998,27,Sales,11,36846.0,14,4,2,Day,0
999,38,HR,57,63085.0,28,3,3,Day,0
1000,47,Operations,51,53985.0,25,3,1,Day,1
1001,54,Finance,50,54853.0,1,5,5,Night,1
1002,47,Sales,17,40153.0,19,5,5,Day,0
1003,37,HR,51,52885.0,14,5,3,Rotational,1
1004,44,HR,53,57187.0,3,1,3,Day,1
1005,45,HR,14,37067.0,21,5,2,Rotational,0
1006,27,Operations,27,51832.0,37,1,4,Day,1
1007,26,Finance,18,39300.0,22,5,4,Rotational,0
1008,44,Operations,28,47471.0,25,1,2,Rotational,0
1009,53,Tech,51,57990.0,10,4,4,Day,0
1010,49,HR,47,50030.0,27,4,1,Day,1
1011,42,Tech,47,48854.0,1,3,4,Rotational,0
1012,46,Sales,4,32741.0,7,1,2,Night,1
1013,48,Sales,7,37272.0,28,2,4,Day,1
1014,41,Operations,45,53364.0,10,3,5,Night,0
1015,27,Finance,35,47737.0,36,4,3,Day,0
1016,37,Tech,48,53148.0,17,1,1,Day,1
1017,40,Finance,9,30528.0,13,5,5,Day,1
1018,40,Operations,8,31118.0,9,2,5,Day,1
1019,42,Sales,52,51133.0,34,4,2,Night,0
1020,48,Finance,45,49191.0,8,3,3,Day,0
1021,27,Finance,17,36922.0,34,1,3,Rotational,1
1022,21,Sales,17,40828.0,10,2,1,Rotational,0
1023,52,Tech,49,53165.0,11,1,2,Night,1
1024,33,Sales,33,47267.0,2,5,1,Day,0
1025,50,Finance,32,46406.0,38,3,4,Rotational,0
1026,43,Tech,8,35497.0,13,1,5,Night,1
1027,39,Tech,19,36396.0,27,4,1,Day,1
1028,52,Sales,38,52178.0,10,3,5,Rotational,0
1029,50,Finance,3,27278.0,38,4,2,Rotational,1
1030,49,Operations,59,58157.0,24,1,4,Night,1
1031,49,Finance,5,32437.0,20,3,2,Day,0
1032,50,HR,13,38780.0,9,4,4,Day,0
1033,36,Operations,47,57638.0,14,5,4,Rotational,0
1034,39,Tech,46,55304.0,18,5,5,Rotational,0
1035,38,Operations,31,49748.0,21,1,2,Rotational,0
1036,21,Tech,55,55012.0,20,3,2,Day,0
1037,34,Tech,16,41571.0,31,2,1,Night,0
1038,22,Operations,50,58056.0,22,3,2,Night,0
1039,48,Tech,32,38811.0,12,5,1,Day,1
1040,50,Tech,22,40339.0,4,4,3,Night,0
1041,58,HR,29,46306.0,3,2,3,Rotational,0
1042,24,Finance,22,39454.0,27,1,3,Night,1
1043,21,Finance,43,48243.0,13,2,2,Night,0
1044,28,HR,3,37843.0,7,1,2,Night,1
1045,49,Operations,54,57333.0,8,2,1,Rotational,1
1046,59,Sales,10,35415.0,34,1,4,Day,1
1047,23,Sales,42,47073.0,36,1,1,Rotational,1
1048,52,Sales,21,38663.0,20,2,3,Day,0
1049,30,HR,16,35306.0,17,2,1,Day,0
1050,30,HR,12,39237.0,32,1,4,Day,1
1051,39,Tech,2,32514.0,7,5,2,Night,1
1052,54,Sales,41,48788.0,16,2,1,Night,0
1053,53,Operations,24,43682.0,30,3,3,Day,0
1054,43,Operations,35,46739.0,33,4,3,Day,1
1055,48,Sales,56,58703.0,5,1,2,Night,1
1056,52,Sales,30,45689.0,21,1,1,Rotational,0
1057,27,Sales,57,59761.0,13,4,4,Day,1
1058,49,HR,30,45899.0,2,5,2,Rotational,1
1059,28,HR,47,54763.0,11,4,1,Night,1
1060,21,HR,35,51267.0,35,2,5,Day,1
1061,23,Finance,19,41422.0,11,4,3,Rotational,0
1062,44,Operations,50,53989.0,1,1,4,Rotational,0
1063,43,Operations,8,33706.0,1,4,4,Rotational,0
1064,28,Tech,26,46691.0,14,3,4,Night,1
1065,57,HR,49,54837.0,22,2,3,Night,0
1066,23,Finance,40,48878.0,28,4,1,Rotational,0
1067,53,Finance,7,31607.0,16,1,2,Rotational,1
1068,48,Operations,30,45819.0,31,2,1,Night,0
1069,28,HR,7,30935.0,6,1,2,Rotational,1
1070,54,Tech,3,35354.0,29,5,4,Rotational,0
1071,55,HR,1,27387.0,27,3,1,Night,1
1072,52,Sales,36,52434.0,13,5,4,Rotational,0
1073,44,HR,25,41644.0,29,3,5,Rotational,1
1074,34,Sales,37,45270.0,16,4,4,Rotational,0
1075,52,Sales,1,31068.0,31,2,4,Night,1
1076,36,Tech,15,34641.0,5,4,2,Rotational,0
1077,24,Operations,37,48603.0,23,3,5,Night,0
1078,57,HR,13,34767.0,5,3,4,Night,0
1079,41,Sales,40,52835.0,26,3,4,Day,0
1080,34,HR,8,34410.0,17,1,5,Day,0
1081,51,Operations,5,28934.0,23,2,5,Rotational,1
1082,38,Operations,9,32709.0,36,4,1,Night,1
1083,27,Finance,1,32615.0,23,4,2,Day,0
1084,30,Operations,36,51861.0,37,5,5,Rotational,0
1085,27,Tech,35,47364.0,33,3,5,Day,0
1086,53,Sales,2,27867.0,39,3,3,Day,1
1087,43,Finance,40,53162.0,14,3,5,Night,1
1088,41,Tech,23,43602.0,10,4,2,Night,0
1089,39,HR,9,38420.0,21,5,4,Day,0
1090,39,Sales,34,47871.0,23,1,4,Day,1
1091,56,Operations,46,51438.0,0,2,4,Night,0
1092,49,Sales,14,38551.0,17,1,4,Rotational,0
1093,38,HR,4,32979.0,11,4,3,Night,1
1094,22,Finance,30,43275.0,27,3,5,Day,0
1095,21,Finance,31,46096.0,39,2,4,Rotational,0
1096,25,Finance,38,48415.0,6,4,1,Day,0
1097,40,Operations,11,37731.0,22,4,4,Rotational,0
1098,31,Tech,35,48976.0,20,4,5,Day,0
1099,22,Tech,8,30845.0,33,2,4,Rotational,1
1100,23,Sales,3,28043.0,10,2,3,Rotational,1
1101,43,Operations,14,36731.0,21,5,2,Day,1
1102,32,Finance,13,36598.0,34,5,2,Rotational,0
1103,40,Finance,45,54783.0,28,1,5,Night,1
1104,25,HR,32,47540.0,27,2,2,Day,1
1105,57,HR,34,51376.0,17,2,2,Night,0
1106,58,Finance,45,51098.0,13,2,1,Day,1
1107,50,Finance,19,37927.0,17,5,5,Rotational,0
1108,29,Operations,59,56621.0,27,4,5,Rotational,1
1109,54,Tech,38,51248.0,23,3,2,Rotational,0
1110,55,HR,16,38065.0,7,5,2,Day,0
1111,42,Tech,2,25439.0,7,2,2,Night,1
1112,44,Operations,40,50606.0,3,5,3,Night,0
1113,37,Finance,17,39298.0,26,1,4,Day,1
1114,30,Tech,55,57067.0,35,2,3,Day,1
1115,50,Finance,34,47890.0,4,1,5,Night,1
1116,43,Finance,42,47339.0,32,2,1,Night,1
1117,52,Sales,16,42923.0,33,5,4,Night,1
1118,37,Tech,38,50141.0,29,4,1,Night,1
1119,37,Tech,2,25679.0,7,3,5,Day,0
1120,34,Finance,2,30982.0,38,1,5,Day,0
1121,29,Operations,26,44220.0,25,5,1,Rotational,0
1122,22,Sales,13,33161.0,36,4,1,Night,1
1123,45,Finance,56,59601.0,33,5,1,Rotational,1
1124,59,HR,47,58543.0,6,1,5,Day,0
1125,29,HR,31,43567.0,39,3,2,Day,1
1126,42,Sales,34,48285.0,27,5,1,Rotational,1
1127,24,Operations,39,50126.0,38,2,4,Night,0
1128,46,Finance,3,34405.0,38,4,5,Night,1
1129,49,Tech,8,33673.0,27,5,3,Night,0
1130,54,Sales,23,38300.0,13,4,3,Night,1
1131,43,Operations,14,39713.0,37,2,4,Rotational,0
1132,57,Tech,56,54978.0,3,3,2,Rotational,0
1133,31,HR,55,62927.0,17,3,1,Day,0
1134,26,HR,27,45182.0,24,2,5,Night,1
1135,38,Tech,54,55203.0,6,4,1,Night,0
1136,41,Sales,29,47826.0,37,5,5,Night,0
1137,56,HR,39,49472.0,27,2,3,Rotational,0
1138,58,Finance,53,55836.0,4,1,1,Night,0
1139,54,Tech,39,47457.0,2,4,4,Rotational,0
1140,37,Tech,1,24865.0,30,3,2,Night,1
1141,57,HR,17,40313.0,19,2,4,Night,0
1142,45,Sales,41,45616.0,18,3,2,Day,0
1143,58,Finance,30,42620.0,10,4,1,Night,0
1144,32,Sales,53,57799.0,39,3,1,Night,1
1145,43,Operations,13,34998.0,2,2,2,Day,0
1146,42,Operations,21,40971.0,22,4,3,Rotational,0
1147,41,HR,19,35859.0,6,1,5,Rotational,1
1148,47,HR,53,55455.0,22,2,4,Night,1
1149,51,HR,19,39990.0,6,5,4,Rotational,1
1150,26,Operations,57,55646.0,33,2,4,Night,0
1151,47,Sales,25,47559.0,18,4,1,Day,1
1152,54,Sales,22,39088.0,8,2,4,Day,0
1153,32,HR,31,49635.0,17,1,5,Night,0
1154,27,Finance,17,37997.0,24,1,5,Day,0
1155,30,Sales,55,52795.0,13,5,2,Day,0
1156,37,Operations,23,38089.0,24,3,1,Night,1
1157,46,Tech,32,46528.0,18,4,5,Night,0
1158,41,Tech,10,38098.0,38,4,3,Day,0
1159,48,Tech,10,40309.0,14,3,1,Rotational,1
1160,22,Finance,36,48385.0,15,1,1,Rotational,1
1161,21,HR,8,30468.0,26,1,5,Night,1
1162,56,Operations,54,57835.0,39,2,3,Night,0
1163,46,Finance,52,53524.0,9,5,2,Rotational,0
1164,49,Operations,20,41177.0,3,5,5,Day,0
1165,41,Operations,32,43176.0,18,5,3,Rotational,0
1166,31,HR,50,48731.0,27,2,1,Rotational,1
1167,31,Tech,14,40951.0,20,5,3,Rotational,0
1168,56,HR,50,54321.0,13,3,1,Rotational,0
1169,59,Finance,28,44149.0,32,2,5,Night,0
1170,55,Finance,46,55990.0,9,3,5,Night,1
1171,54,Finance,52,61637.0,18,2,4,Day,0
1172,44,HR,53,58660.0,29,5,4,Day,1
1173,42,Operations,24,42309.0,21,3,4,Day,0
1174,25,Operations,15,38889.0,2,3,5,Day,0
1175,53,Sales,22,40116.0,36,3,2,Rotational,1
1176,56,Finance,30,45108.0,17,2,5,Night,0
1177,40,Operations,4,32435.0,10,4,3,Night,0
1178,39,Sales,13,34140.0,1,5,5,Day,0
1179,55,Operations,59,59564.0,11,3,5,Day,0
1180,37,Finance,23,42601.0,5,4,1,Rotational,0
1181,54,Tech,8,35551.0,39,5,1,Rotational,1
1182,29,Finance,18,40312.0,28,5,1,Day,1
1183,46,HR,12,31983.0,29,3,5,Night,0
1184,22,Operations,55,61188.0,1,3,2,Night,0
1185,29,Operations,31,48939.0,8,2,3,Night,0
1186,29,HR,14,36712.0,1,4,3,Day,0
1187,37,HR,34,48367.0,28,4,2,Night,1
1188,21,Tech,18,38350.0,32,3,2,Rotational,1
1189,45,Operations,56,60256.0,9,5,3,Rotational,0
1190,45,Operations,34,44557.0,33,3,4,Day,0
1191,59,Tech,11,39527.0,7,5,1,Rotational,0
1192,55,Sales,41,52607.0,36,5,1,Day,0
1193,23,Tech,12,38176.0,32,3,3,Night,1
1194,57,Finance,49,54185.0,5,1,2,Night,1
1195,50,Operations,15,33262.0,39,4,4,Night,0
1196,58,HR,57,61152.0,18,5,3,Rotational,0
1197,54,Finance,31,41361.0,31,5,1,Day,0
1198,32,Operations,49,57188.0,26,1,5,Night,0
1199,39,Tech,58,56684.0,0,2,2,Day,0
1200,57,Finance,29,39739.0,32,1,5,Night,0
